x,y,value
0,0,32
1,0,32
2,0,32
3,0,32
4,0,32
5,0,32
6,0,32
7,0,32
8,0,32
9,0,32
10,0,32
11,0,32
12,0,32
13,0,32
14,0,32
15,0,32
16,0,32
17,0,32
18,0,32
19,0,32
20,0,32
21,0,32
22,0,32
23,0,32
24,0,32
25,0,32
26,0,32
27,0,32
28,0,32
29,0,32
30,0,32
31,0,32
32,0,32
33,0,32
34,0,32
35,0,32
36,0,32
37,0,32
38,0,32
39,0,32
40,0,32
41,0,32
42,0,32
43,0,32
44,0,32
45,0,32
46,0,32
47,0,32
48,0,32
49,0,32
50,0,32
51,0,32
52,0,32
53,0,32
54,0,32
55,0,32
56,0,32
57,0,32
58,0,32
59,0,32
60,0,32
61,0,32
62,0,32
63,0,32
64,0,32
65,0,32
66,0,32
67,0,32
68,0,32
69,0,32
70,0,32
71,0,32
72,0,32
73,0,32
74,0,32
75,0,32
76,0,32
77,0,32
78,0,32
79,0,32
0,1,32
1,1,32
2,1,32
3,1,32
4,1,32
5,1,32
6,1,32
7,1,32
8,1,32
9,1,32
10,1,32
11,1,32
12,1,32
13,1,32
14,1,32
15,1,32
16,1,32
17,1,32
18,1,32
19,1,32
20,1,32
21,1,32
22,1,32
23,1,32
24,1,32
25,1,32
26,1,32
27,1,32
28,1,32
29,1,32
30,1,32
31,1,32
32,1,32
33,1,32
34,1,32
35,1,32
36,1,32
37,1,32
38,1,32
39,1,32
40,1,32
41,1,32
42,1,32
43,1,32
44,1,32
45,1,32
46,1,32
47,1,32
48,1,32
49,1,32
50,1,32
51,1,32
52,1,32
53,1,32
54,1,32
55,1,32
56,1,32
57,1,32
58,1,32
59,1,32
60,1,32
61,1,32
62,1,32
63,1,32
64,1,32
65,1,32
66,1,32
67,1,32
68,1,32
69,1,32
70,1,32
71,1,32
72,1,32
73,1,32
74,1,32
75,1,32
76,1,32
77,1,32
78,1,32
79,1,32
0,2,32
1,2,32
2,2,32
3,2,32
4,2,32
5,2,32
6,2,32
7,2,32
8,2,32
9,2,32
10,2,32
11,2,32
12,2,32
13,2,32
14,2,32
15,2,32
16,2,32
17,2,32
18,2,32
19,2,32
20,2,32
21,2,32
22,2,32
23,2,32
24,2,32
25,2,32
26,2,32
27,2,32
28,2,32
29,2,32
30,2,32
31,2,32
32,2,32
33,2,32
34,2,32
35,2,32
36,2,32
37,2,32
38,2,32
39,2,32
40,2,32
41,2,32
42,2,32
43,2,32
44,2,32
45,2,32
46,2,32
47,2,32
48,2,32
49,2,32
50,2,32
51,2,32
52,2,32
53,2,32
54,2,32
55,2,32
56,2,32
57,2,32
58,2,32
59,2,32
60,2,32
61,2,32
62,2,32
63,2,32
64,2,32
65,2,32
66,2,32
67,2,32
68,2,32
69,2,32
70,2,32
71,2,32
72,2,32
73,2,32
74,2,32
75,2,32
76,2,32
77,2,32
78,2,32
79,2,32
0,3,32
1,3,32
2,3,32
3,3,32
4,3,32
5,3,32
6,3,32
7,3,32
8,3,32
9,3,32
10,3,32
11,3,32
12,3,32
13,3,32
14,3,32
15,3,32
16,3,32
17,3,32
18,3,32
19,3,32
20,3,32
21,3,32
22,3,32
23,3,32
24,3,32
25,3,32
26,3,32
27,3,32
28,3,32
29,3,32
30,3,32
31,3,32
32,3,32
33,3,32
34,3,32
35,3,32
36,3,32
37,3,32
38,3,32
39,3,32
40,3,32
41,3,32
42,3,32
43,3,32
44,3,32
45,3,32
46,3,32
47,3,32
48,3,32
49,3,32
50,3,32
51,3,32
52,3,32
53,3,32
54,3,32
55,3,32
56,3,32
57,3,32
58,3,32
59,3,32
60,3,32
61,3,32
62,3,32
63,3,32
64,3,32
65,3,32
66,3,32
67,3,32
68,3,32
69,3,32
70,3,32
71,3,32
72,3,32
73,3,32
74,3,32
75,3,32
76,3,32
77,3,32
78,3,32
79,3,32
0,4,32
1,4,32
2,4,32
3,4,32
4,4,32
5,4,32
6,4,32
7,4,32
8,4,32
9,4,32
10,4,32
11,4,32
12,4,32
13,4,32
14,4,32
15,4,32
16,4,32
17,4,32
18,4,32
19,4,32
20,4,32
21,4,32
22,4,32
23,4,32
24,4,32
25,4,32
26,4,32
27,4,32
28,4,32
29,4,32
30,4,32
31,4,32
32,4,32
33,4,32
34,4,32
35,4,32
36,4,32
37,4,32
38,4,32
39,4,32
40,4,32
41,4,32
42,4,32
43,4,32
44,4,32
45,4,32
46,4,32
47,4,32
48,4,32
49,4,32
50,4,32
51,4,32
52,4,32
53,4,32
54,4,32
55,4,32
56,4,32
57,4,32
58,4,32
59,4,32
60,4,32
61,4,32
62,4,32
63,4,32
64,4,32
65,4,32
66,4,32
67,4,32
68,4,32
69,4,32
70,4,32
71,4,32
72,4,32
73,4,32
74,4,32
75,4,32
76,4,32
77,4,32
78,4,32
79,4,32
0,5,32
1,5,32
2,5,32
3,5,32
4,5,32
5,5,32
6,5,32
7,5,32
8,5,32
9,5,32
10,5,32
11,5,32
12,5,32
13,5,32
14,5,32
15,5,32
16,5,32
17,5,32
18,5,32
19,5,32
20,5,32
21,5,32
22,5,32
23,5,32
24,5,32
25,5,32
26,5,32
27,5,32
28,5,32
29,5,32
30,5,32
31,5,32
32,5,32
33,5,32
34,5,32
35,5,32
36,5,32
37,5,32
38,5,32
39,5,32
40,5,32
41,5,32
42,5,32
43,5,32
44,5,32
45,5,32
46,5,32
47,5,32
48,5,32
49,5,32
50,5,32
51,5,32
52,5,32
53,5,32
54,5,32
55,5,32
56,5,32
57,5,32
58,5,32
59,5,32
60,5,32
61,5,32
62,5,32
63,5,32
64,5,32
65,5,32
66,5,32
67,5,32
68,5,32
69,5,32
70,5,32
71,5,32
72,5,32
73,5,32
74,5,32
75,5,32
76,5,32
77,5,32
78,5,32
79,5,32
0,6,32
1,6,32
2,6,32
3,6,32
4,6,32
5,6,32
6,6,32
7,6,32
8,6,32
9,6,32
10,6,32
11,6,32
12,6,32
13,6,32
14,6,32
15,6,32
16,6,32
17,6,32
18,6,32
19,6,32
20,6,32
21,6,32
22,6,32
23,6,32
24,6,32
25,6,32
26,6,32
27,6,32
28,6,32
29,6,32
30,6,32
31,6,32
32,6,32
33,6,32
34,6,32
35,6,32
36,6,32
37,6,32
38,6,32
39,6,32
40,6,32
41,6,32
42,6,32
43,6,32
44,6,32
45,6,32
46,6,32
47,6,32
48,6,32
49,6,32
50,6,32
51,6,32
52,6,32
53,6,32
54,6,32
55,6,32
56,6,32
57,6,32
58,6,32
59,6,32
60,6,32
61,6,32
62,6,32
63,6,32
64,6,32
65,6,32
66,6,32
67,6,32
68,6,32
69,6,32
70,6,32
71,6,32
72,6,32
73,6,32
74,6,32
75,6,32
76,6,32
77,6,32
78,6,32
79,6,32
0,7,32
1,7,32
2,7,32
3,7,32
4,7,32
5,7,32
6,7,32
7,7,32
8,7,32
9,7,32
10,7,32
11,7,32
12,7,32
13,7,32
14,7,32
15,7,32
16,7,32
17,7,32
18,7,32
19,7,32
20,7,32
21,7,32
22,7,32
23,7,32
24,7,32
25,7,32
26,7,32
27,7,32
28,7,32
29,7,32
30,7,32
31,7,32
32,7,32
33,7,32
34,7,32
35,7,32
36,7,32
37,7,32
38,7,32
39,7,32
40,7,32
41,7,32
42,7,32
43,7,32
44,7,32
45,7,32
46,7,32
47,7,32
48,7,32
49,7,32
50,7,32
51,7,32
52,7,32
53,7,32
54,7,32
55,7,32
56,7,32
57,7,32
58,7,32
59,7,32
60,7,32
61,7,32
62,7,32
63,7,32
64,7,32
65,7,32
66,7,32
67,7,32
68,7,32
69,7,32
70,7,32
71,7,32
72,7,32
73,7,32
74,7,32
75,7,32
76,7,32
77,7,32
78,7,32
79,7,32
0,8,32
1,8,32
2,8,32
3,8,32
4,8,32
5,8,32
6,8,32
7,8,32
8,8,32
9,8,32
10,8,32
11,8,32
12,8,32
13,8,32
14,8,32
15,8,32
16,8,32
17,8,32
18,8,32
19,8,32
20,8,32
21,8,32
22,8,32
23,8,32
24,8,32
25,8,32
26,8,32
27,8,32
28,8,32
29,8,32
30,8,32
31,8,32
32,8,32
33,8,32
34,8,32
35,8,32
36,8,32
37,8,32
38,8,32
39,8,32
40,8,32
41,8,32
42,8,32
43,8,32
44,8,32
45,8,32
46,8,32
47,8,32
48,8,32
49,8,32
50,8,32
51,8,32
52,8,32
53,8,32
54,8,32
55,8,32
56,8,32
57,8,32
58,8,32
59,8,32
60,8,32
61,8,32
62,8,32
63,8,32
64,8,32
65,8,32
66,8,32
67,8,32
68,8,32
69,8,32
70,8,32
71,8,32
72,8,32
73,8,32
74,8,32
75,8,32
76,8,32
77,8,32
78,8,32
79,8,32
0,9,32
1,9,32
2,9,32
3,9,32
4,9,32
5,9,32
6,9,32
7,9,32
8,9,32
9,9,32
10,9,32
11,9,32
12,9,32
13,9,32
14,9,32
15,9,32
16,9,32
17,9,32
18,9,32
19,9,32
20,9,32
21,9,32
22,9,32
23,9,32
24,9,32
25,9,32
26,9,32
27,9,32
28,9,32
29,9,32
30,9,32
31,9,32
32,9,32
33,9,32
34,9,32
35,9,32
36,9,32
37,9,32
38,9,32
39,9,32
40,9,32
41,9,32
42,9,32
43,9,32
44,9,32
45,9,32
46,9,32
47,9,32
48,9,32
49,9,32
50,9,32
51,9,32
52,9,32
53,9,32
54,9,32
55,9,32
56,9,32
57,9,32
58,9,32
59,9,32
60,9,32
61,9,32
62,9,32
63,9,32
64,9,32
65,9,32
66,9,32
67,9,32
68,9,32
69,9,32
70,9,32
71,9,32
72,9,32
73,9,32
74,9,32
75,9,32
76,9,32
77,9,32
78,9,32
79,9,32
0,10,32
1,10,32
2,10,32
3,10,32
4,10,32
5,10,32
6,10,32
7,10,32
8,10,32
9,10,32
10,10,32
11,10,32
12,10,32
13,10,32
14,10,32
15,10,32
16,10,32
17,10,32
18,10,32
19,10,32
20,10,32
21,10,32
22,10,32
23,10,32
24,10,32
25,10,32
26,10,32
27,10,32
28,10,32
29,10,32
30,10,32
31,10,32
32,10,32
33,10,32
34,10,32
35,10,32
36,10,32
37,10,32
38,10,32
39,10,32
40,10,32
41,10,32
42,10,32
43,10,32
44,10,32
45,10,32
46,10,32
47,10,32
48,10,32
49,10,32
50,10,32
51,10,32
52,10,32
53,10,32
54,10,32
55,10,32
56,10,32
57,10,32
58,10,32
59,10,32
60,10,32
61,10,32
62,10,32
63,10,32
64,10,32
65,10,32
66,10,32
67,10,32
68,10,32
69,10,32
70,10,32
71,10,32
72,10,32
73,10,32
74,10,32
75,10,32
76,10,32
77,10,32
78,10,32
79,10,32
0,11,32
1,11,32
2,11,32
3,11,32
4,11,32
5,11,32
6,11,32
7,11,32
8,11,32
9,11,32
10,11,32
11,11,32
12,11,32
13,11,32
14,11,32
15,11,32
16,11,32
17,11,32
18,11,32
19,11,32
20,11,32
21,11,32
22,11,32
23,11,32
24,11,32
25,11,32
26,11,32
27,11,32
28,11,32
29,11,32
30,11,32
31,11,32
32,11,32
33,11,32
34,11,32
35,11,32
36,11,32
37,11,32
38,11,32
39,11,32
40,11,32
41,11,32
42,11,32
43,11,32
44,11,32
45,11,32
46,11,32
47,11,32
48,11,32
49,11,32
50,11,32
51,11,32
52,11,32
53,11,32
54,11,32
55,11,32
56,11,32
57,11,32
58,11,32
59,11,32
60,11,32
61,11,32
62,11,32
63,11,32
64,11,32
65,11,32
66,11,32
67,11,32
68,11,32
69,11,32
70,11,32
71,11,32
72,11,32
73,11,32
74,11,32
75,11,32
76,11,32
77,11,32
78,11,32
79,11,32
0,12,32
1,12,32
2,12,32
3,12,32
4,12,32
5,12,32
6,12,32
7,12,32
8,12,32
9,12,32
10,12,32
11,12,32
12,12,32
13,12,32
14,12,32
15,12,32
16,12,32
17,12,32
18,12,32
19,12,32
20,12,32
21,12,32
22,12,32
23,12,32
24,12,32
25,12,32
26,12,32
27,12,32
28,12,32
29,12,32
30,12,32
31,12,32
32,12,32
33,12,32
34,12,32
35,12,32
36,12,32
37,12,32
38,12,32
39,12,32
40,12,32
41,12,32
42,12,32
43,12,32
44,12,32
45,12,32
46,12,32
47,12,32
48,12,32
49,12,32
50,12,32
51,12,32
52,12,32
53,12,32
54,12,32
55,12,32
56,12,32
57,12,32
58,12,32
59,12,32
60,12,32
61,12,32
62,12,32
63,12,32
64,12,32
65,12,32
66,12,32
67,12,32
68,12,32
69,12,32
70,12,32
71,12,32
72,12,32
73,12,32
74,12,32
75,12,32
76,12,32
77,12,32
78,12,32
79,12,32
0,13,32
1,13,32
2,13,32
3,13,32
4,13,32
5,13,32
6,13,32
7,13,32
8,13,32
9,13,32
10,13,32
11,13,32
12,13,32
13,13,32
14,13,32
15,13,32
16,13,32
17,13,32
18,13,32
19,13,32
20,13,32
21,13,32
22,13,32
23,13,32
24,13,32
25,13,32
26,13,32
27,13,32
28,13,32
29,13,32
30,13,32
31,13,32
32,13,32
33,13,32
34,13,32
35,13,32
36,13,32
37,13,32
38,13,32
39,13,32
40,13,32
41,13,32
42,13,32
43,13,32
44,13,32
45,13,32
46,13,32
47,13,32
48,13,32
49,13,32
50,13,32
51,13,32
52,13,32
53,13,32
54,13,32
55,13,32
56,13,32
57,13,32
58,13,32
59,13,32
60,13,32
61,13,32
62,13,32
63,13,32
64,13,32
65,13,32
66,13,32
67,13,32
68,13,32
69,13,32
70,13,32
71,13,32
72,13,32
73,13,32
74,13,32
75,13,32
76,13,32
77,13,32
78,13,32
79,13,32
0,14,32
1,14,32
2,14,32
3,14,32
4,14,32
5,14,32
6,14,32
7,14,32
8,14,32
9,14,32
10,14,32
11,14,32
12,14,32
13,14,32
14,14,32
15,14,32
16,14,32
17,14,32
18,14,32
19,14,32
20,14,32
21,14,32
22,14,32
23,14,32
24,14,32
25,14,32
26,14,32
27,14,32
28,14,32
29,14,32
30,14,32
31,14,32
32,14,32
33,14,32
34,14,32
35,14,32
36,14,32
37,14,32
38,14,32
39,14,32
40,14,32
41,14,32
42,14,32
43,14,32
44,14,32
45,14,32
46,14,32
47,14,32
48,14,32
49,14,32
50,14,32
51,14,32
52,14,32
53,14,32
54,14,32
55,14,32
56,14,32
57,14,32
58,14,32
59,14,32
60,14,32
61,14,32
62,14,32
63,14,32
64,14,32
65,14,32
66,14,32
67,14,32
68,14,32
69,14,32
70,14,32
71,14,32
72,14,32
73,14,32
74,14,32
75,14,32
76,14,32
77,14,32
78,14,32
79,14,32
0,15,32
1,15,32
2,15,32
3,15,32
4,15,32
5,15,32
6,15,32
7,15,32
8,15,32
9,15,32
10,15,32
11,15,32
12,15,32
13,15,32
14,15,32
15,15,32
16,15,32
17,15,32
18,15,32
19,15,32
20,15,32
21,15,32
22,15,32
23,15,32
24,15,32
25,15,32
26,15,32
27,15,32
28,15,32
29,15,32
30,15,32
31,15,32
32,15,32
33,15,32
34,15,32
35,15,32
36,15,32
37,15,32
38,15,32
39,15,32
40,15,32
41,15,32
42,15,32
43,15,32
44,15,32
45,15,32
46,15,32
47,15,32
48,15,32
49,15,32
50,15,32
51,15,32
52,15,32
53,15,32
54,15,32
55,15,32
56,15,32
57,15,32
58,15,32
59,15,32
60,15,32
61,15,32
62,15,32
63,15,32
64,15,32
65,15,32
66,15,32
67,15,32
68,15,32
69,15,32
70,15,32
71,15,32
72,15,32
73,15,32
74,15,32
75,15,32
76,15,32
77,15,32
78,15,32
79,15,32
0,16,32
1,16,32
2,16,32
3,16,32
4,16,32
5,16,32
6,16,32
7,16,32
8,16,32
9,16,32
10,16,32
11,16,32
12,16,32
13,16,32
14,16,32
15,16,32
16,16,32
17,16,32
18,16,32
19,16,32
20,16,32
21,16,32
22,16,32
23,16,32
24,16,32
25,16,32
26,16,32
27,16,32
28,16,32
29,16,32
30,16,32
31,16,32
32,16,32
33,16,32
34,16,32
35,16,32
36,16,32
37,16,32
38,16,32
39,16,32
40,16,32
41,16,32
42,16,32
43,16,32
44,16,32
45,16,32
46,16,32
47,16,32
48,16,32
49,16,32
50,16,32
51,16,32
52,16,32
53,16,32
54,16,32
55,16,32
56,16,32
57,16,32
58,16,32
59,16,32
60,16,32
61,16,32
62,16,32
63,16,32
64,16,32
65,16,32
66,16,32
67,16,32
68,16,32
69,16,32
70,16,32
71,16,32
72,16,32
73,16,32
74,16,32
75,16,32
76,16,32
77,16,32
78,16,32
79,16,32
0,17,32
1,17,32
2,17,32
3,17,32
4,17,32
5,17,32
6,17,32
7,17,32
8,17,32
9,17,32
10,17,32
11,17,32
12,17,32
13,17,32
14,17,32
15,17,32
16,17,32
17,17,32
18,17,32
19,17,32
20,17,32
21,17,32
22,17,32
23,17,32
24,17,32
25,17,32
26,17,32
27,17,32
28,17,32
29,17,32
30,17,32
31,17,32
32,17,32
33,17,32
34,17,32
35,17,32
36,17,32
37,17,32
38,17,32
39,17,32
40,17,32
41,17,32
42,17,32
43,17,32
44,17,32
45,17,32
46,17,32
47,17,32
48,17,32
49,17,32
50,17,32
51,17,32
52,17,32
53,17,32
54,17,32
55,17,32
56,17,32
57,17,32
58,17,32
59,17,32
60,17,32
61,17,32
62,17,32
63,17,32
64,17,32
65,17,32
66,17,32
67,17,32
68,17,32
69,17,32
70,17,32
71,17,32
72,17,32
73,17,32
74,17,32
75,17,32
76,17,32
77,17,32
78,17,32
79,17,32
0,18,32
1,18,32
2,18,32
3,18,32
4,18,32
5,18,32
6,18,32
7,18,32
8,18,32
9,18,32
10,18,32
11,18,32
12,18,32
13,18,32
14,18,32
15,18,32
16,18,32
17,18,32
18,18,32
19,18,32
20,18,32
21,18,32
22,18,32
23,18,32
24,18,32
25,18,32
26,18,32
27,18,32
28,18,32
29,18,32
30,18,32
31,18,32
32,18,32
33,18,32
34,18,32
35,18,32
36,18,32
37,18,32
38,18,32
39,18,32
40,18,32
41,18,32
42,18,32
43,18,32
44,18,32
45,18,32
46,18,32
47,18,32
48,18,32
49,18,32
50,18,32
51,18,32
52,18,32
53,18,32
54,18,32
55,18,32
56,18,32
57,18,32
58,18,32
59,18,32
60,18,32
61,18,32
62,18,32
63,18,32
64,18,32
65,18,32
66,18,32
67,18,32
68,18,32
69,18,32
70,18,32
71,18,32
72,18,32
73,18,32
74,18,32
75,18,32
76,18,32
77,18,32
78,18,32
79,18,32
0,19,32
1,19,32
2,19,32
3,19,32
4,19,32
5,19,32
6,19,32
7,19,32
8,19,32
9,19,32
10,19,32
11,19,32
12,19,32
13,19,32
14,19,32
15,19,32
16,19,32
17,19,32
18,19,32
19,19,32
20,19,32
21,19,32
22,19,32
23,19,32
24,19,32
25,19,32
26,19,32
27,19,32
28,19,32
29,19,32
30,19,32
31,19,32
32,19,32
33,19,32
34,19,32
35,19,32
36,19,32
37,19,32
38,19,32
39,19,32
40,19,32
41,19,32
42,19,32
43,19,32
44,19,32
45,19,32
46,19,32
47,19,32
48,19,32
49,19,32
50,19,32
51,19,32
52,19,32
53,19,32
54,19,32
55,19,32
56,19,32
57,19,32
58,19,32
59,19,32
60,19,32
61,19,32
62,19,32
63,19,32
64,19,32
65,19,32
66,19,32
67,19,32
68,19,32
69,19,32
70,19,32
71,19,32
72,19,32
73,19,32
74,19,32
75,19,32
76,19,32
77,19,32
78,19,32
79,19,32
0,20,32
1,20,32
2,20,32
3,20,32
4,20,32
5,20,32
6,20,32
7,20,32
8,20,32
9,20,32
10,20,32
11,20,32
12,20,32
13,20,32
14,20,32
15,20,32
16,20,32
17,20,32
18,20,32
19,20,32
20,20,32
21,20,32
22,20,32
23,20,32
24,20,32
25,20,32
26,20,32
27,20,32
28,20,32
29,20,32
30,20,32
31,20,32
32,20,32
33,20,32
34,20,32
35,20,32
36,20,32
37,20,32
38,20,32
39,20,32
40,20,32
41,20,32
42,20,32
43,20,32
44,20,32
45,20,32
46,20,32
47,20,32
48,20,32
49,20,32
50,20,32
51,20,32
52,20,32
53,20,32
54,20,32
55,20,32
56,20,32
57,20,32
58,20,32
59,20,32
60,20,32
61,20,32
62,20,32
63,20,32
64,20,32
65,20,32
66,20,32
67,20,32
68,20,32
69,20,32
70,20,32
71,20,32
72,20,32
73,20,32
74,20,32
75,20,32
76,20,32
77,20,32
78,20,32
79,20,32
0,21,32
1,21,32
2,21,32
3,21,32
4,21,32
5,21,32
6,21,32
7,21,32
8,21,32
9,21,32
10,21,32
11,21,32
12,21,32
13,21,32
14,21,32
15,21,32
16,21,32
17,21,32
18,21,32
19,21,32
20,21,32
21,21,32
22,21,32
23,21,32
24,21,32
25,21,32
26,21,32
27,21,32
28,21,32
29,21,32
30,21,32
31,21,32
32,21,32
33,21,32
34,21,32
35,21,32
36,21,32
37,21,32
38,21,32
39,21,32
40,21,32
41,21,32
42,21,32
43,21,32
44,21,32
45,21,32
46,21,32
47,21,32
48,21,32
49,21,32
50,21,32
51,21,32
52,21,32
53,21,32
54,21,32
55,21,32
56,21,32
57,21,32
58,21,32
59,21,32
60,21,32
61,21,32
62,21,32
63,21,32
64,21,32
65,21,32
66,21,32
67,21,32
68,21,32
69,21,32
70,21,32
71,21,32
72,21,32
73,21,32
74,21,32
75,21,32
76,21,32
77,21,32
78,21,32
79,21,32
0,22,32
1,22,32
2,22,32
3,22,32
4,22,32
5,22,32
6,22,32
7,22,32
8,22,32
9,22,32
10,22,32
11,22,32
12,22,32
13,22,32
14,22,32
15,22,32
16,22,32
17,22,32
18,22,32
19,22,32
20,22,32
21,22,32
22,22,32
23,22,32
24,22,32
25,22,32
26,22,32
27,22,32
28,22,32
29,22,32
30,22,32
31,22,32
32,22,32
33,22,32
34,22,32
35,22,32
36,22,32
37,22,32
38,22,32
39,22,32
40,22,32
41,22,32
42,22,32
43,22,32
44,22,32
45,22,32
46,22,32
47,22,32
48,22,32
49,22,32
50,22,32
51,22,32
52,22,32
53,22,32
54,22,32
55,22,32
56,22,32
57,22,32
58,22,32
59,22,32
60,22,32
61,22,32
62,22,32
63,22,32
64,22,32
65,22,32
66,22,32
67,22,32
68,22,32
69,22,32
70,22,32
71,22,32
72,22,32
73,22,32
74,22,32
75,22,32
76,22,32
77,22,32
78,22,32
79,22,32
0,23,32
1,23,32
2,23,32
3,23,32
4,23,32
5,23,32
6,23,32
7,23,32
8,23,32
9,23,32
10,23,32
11,23,32
12,23,32
13,23,32
14,23,32
15,23,32
16,23,32
17,23,32
18,23,32
19,23,32
20,23,32
21,23,32
22,23,32
23,23,32
24,23,32
25,23,32
26,23,32
27,23,32
28,23,32
29,23,32
30,23,32
31,23,32
32,23,32
33,23,32
34,23,32
35,23,32
36,23,32
37,23,32
38,23,32
39,23,32
40,23,32
41,23,32
42,23,32
43,23,32
44,23,32
45,23,32
46,23,32
47,23,32
48,23,32
49,23,32
50,23,32
51,23,32
52,23,32
53,23,32
54,23,32
55,23,32
56,23,32
57,23,32
58,23,32
59,23,32
60,23,32
61,23,32
62,23,32
63,23,32
64,23,32
65,23,32
66,23,32
67,23,32
68,23,32
69,23,32
70,23,32
71,23,32
72,23,32
73,23,32
74,23,32
75,23,32
76,23,32
77,23,32
78,23,32
79,23,32
0,24,32
1,24,32
2,24,32
3,24,32
4,24,32
5,24,32
6,24,32
7,24,32
8,24,32
9,24,32
10,24,32
11,24,32
12,24,32
13,24,32
14,24,32
15,24,32
16,24,32
17,24,32
18,24,32
19,24,32
20,24,32
21,24,32
22,24,32
23,24,32
24,24,32
25,24,32
26,24,32
27,24,32
28,24,32
29,24,32
30,24,32
31,24,32
32,24,32
33,24,32
34,24,32
35,24,32
36,24,32
37,24,32
38,24,32
39,24,32
40,24,32
41,24,32
42,24,32
43,24,32
44,24,32
45,24,32
46,24,32
47,24,32
48,24,32
49,24,32
50,24,32
51,24,32
52,24,32
53,24,32
54,24,32
55,24,32
56,24,32
57,24,32
58,24,32
59,24,32
60,24,32
61,24,32
62,24,32
63,24,32
64,24,32
65,24,32
66,24,32
67,24,32
68,24,32
69,24,32
70,24,32
71,24,32
72,24,32
73,24,32
74,24,32
75,24,32
76,24,32
77,24,32
78,24,32
79,24,32
0,25,32
1,25,32
2,25,32
3,25,32
4,25,32
5,25,32
6,25,32
7,25,32
8,25,32
9,25,32
10,25,32
11,25,32
12,25,32
13,25,32
14,25,32
15,25,32
16,25,32
17,25,32
18,25,32
19,25,32
20,25,32
21,25,32
22,25,32
23,25,32
24,25,32
25,25,32
26,25,32
27,25,32
28,25,32
29,25,32
30,25,32
31,25,32
32,25,32
33,25,32
34,25,32
35,25,32
36,25,32
37,25,32
38,25,32
39,25,32
40,25,32
41,25,32
42,25,32
43,25,32
44,25,32
45,25,32
46,25,32
47,25,32
48,25,32
49,25,32
50,25,32
51,25,32
52,25,32
53,25,32
54,25,32
55,25,32
56,25,32
57,25,32
58,25,32
59,25,32
60,25,32
61,25,32
62,25,32
63,25,32
64,25,32
65,25,32
66,25,32
67,25,32
68,25,32
69,25,32
70,25,32
71,25,32
72,25,32
73,25,32
74,25,32
75,25,32
76,25,32
77,25,32
78,25,32
79,25,32
0,26,32
1,26,32
2,26,32
3,26,32
4,26,32
5,26,32
6,26,32
7,26,32
8,26,32
9,26,32
10,26,32
11,26,32
12,26,32
13,26,32
14,26,32
15,26,32
16,26,32
17,26,32
18,26,32
19,26,32
20,26,32
21,26,32
22,26,32
23,26,32
24,26,32
25,26,32
26,26,32
27,26,32
28,26,32
29,26,32
30,26,32
31,26,32
32,26,32
33,26,32
34,26,32
35,26,32
36,26,32
37,26,32
38,26,32
39,26,32
40,26,32
41,26,32
42,26,32
43,26,32
44,26,32
45,26,32
46,26,32
47,26,32
48,26,32
49,26,32
50,26,32
51,26,32
52,26,32
53,26,32
54,26,32
55,26,32
56,26,32
57,26,32
58,26,32
59,26,32
60,26,32
61,26,32
62,26,32
63,26,32
64,26,32
65,26,32
66,26,32
67,26,32
68,26,32
69,26,32
70,26,32
71,26,32
72,26,32
73,26,32
74,26,32
75,26,32
76,26,32
77,26,32
78,26,32
79,26,32
0,27,32
1,27,32
2,27,32
3,27,32
4,27,32
5,27,32
6,27,32
7,27,32
8,27,32
9,27,32
10,27,32
11,27,32
12,27,32
13,27,32
14,27,32
15,27,32
16,27,32
17,27,32
18,27,32
19,27,32
20,27,32
21,27,32
22,27,32
23,27,32
24,27,32
25,27,32
26,27,32
27,27,32
28,27,32
29,27,32
30,27,32
31,27,32
32,27,32
33,27,32
34,27,32
35,27,32
36,27,32
37,27,32
38,27,32
39,27,32
40,27,32
41,27,32
42,27,32
43,27,32
44,27,32
45,27,32
46,27,32
47,27,32
48,27,32
49,27,32
50,27,32
51,27,32
52,27,32
53,27,32
54,27,32
55,27,32
56,27,32
57,27,32
58,27,32
59,27,32
60,27,32
61,27,32
62,27,32
63,27,32
64,27,32
65,27,32
66,27,32
67,27,32
68,27,32
69,27,32
70,27,32
71,27,32
72,27,32
73,27,32
74,27,32
75,27,32
76,27,32
77,27,32
78,27,32
79,27,32
0,28,32
1,28,32
2,28,32
3,28,32
4,28,32
5,28,32
6,28,32
7,28,32
8,28,32
9,28,32
10,28,32
11,28,32
12,28,32
13,28,32
14,28,32
15,28,32
16,28,32
17,28,32
18,28,32
19,28,32
20,28,32
21,28,32
22,28,32
23,28,32
24,28,32
25,28,32
26,28,32
27,28,32
28,28,32
29,28,32
30,28,32
31,28,32
32,28,32
33,28,32
34,28,32
35,28,32
36,28,32
37,28,32
38,28,32
39,28,32
40,28,32
41,28,32
42,28,32
43,28,32
44,28,32
45,28,32
46,28,32
47,28,32
48,28,32
49,28,32
50,28,32
51,28,32
52,28,32
53,28,32
54,28,32
55,28,32
56,28,32
57,28,32
58,28,32
59,28,32
60,28,32
61,28,32
62,28,32
63,28,32
64,28,32
65,28,32
66,28,32
67,28,32
68,28,32
69,28,32
70,28,32
71,28,32
72,28,32
73,28,32
74,28,32
75,28,32
76,28,32
77,28,32
78,28,32
79,28,32
0,29,32
1,29,32
2,29,32
3,29,32
4,29,32
5,29,32
6,29,32
7,29,32
8,29,32
9,29,32
10,29,32
11,29,32
12,29,32
13,29,32
14,29,32
15,29,32
16,29,32
17,29,32
18,29,32
19,29,32
20,29,32
21,29,32
22,29,32
23,29,32
24,29,32
25,29,32
26,29,32
27,29,32
28,29,32
29,29,32
30,29,32
31,29,32
32,29,32
33,29,32
34,29,32
35,29,32
36,29,32
37,29,32
38,29,32
39,29,32
40,29,32
41,29,32
42,29,32
43,29,32
44,29,32
45,29,32
46,29,32
47,29,32
48,29,32
49,29,32
50,29,32
51,29,32
52,29,32
53,29,32
54,29,32
55,29,32
56,29,32
57,29,32
58,29,32
59,29,32
60,29,32
61,29,32
62,29,32
63,29,32
64,29,32
65,29,32
66,29,32
67,29,32
68,29,32
69,29,32
70,29,32
71,29,32
72,29,32
73,29,32
74,29,32
75,29,32
76,29,32
77,29,32
78,29,32
79,29,32
0,30,32
1,30,32
2,30,32
3,30,32
4,30,32
5,30,32
6,30,32
7,30,32
8,30,32
9,30,32
10,30,32
11,30,32
12,30,32
13,30,32
14,30,32
15,30,32
16,30,32
17,30,32
18,30,32
19,30,32
20,30,32
21,30,32
22,30,32
23,30,32
24,30,32
25,30,32
26,30,32
27,30,32
28,30,32
29,30,32
30,30,32
31,30,32
32,30,32
33,30,32
34,30,32
35,30,32
36,30,32
37,30,32
38,30,32
39,30,32
40,30,32
41,30,32
42,30,32
43,30,32
44,30,32
45,30,32
46,30,32
47,30,32
48,30,32
49,30,32
50,30,32
51,30,32
52,30,32
53,30,32
54,30,32
55,30,32
56,30,32
57,30,32
58,30,32
59,30,32
60,30,32
61,30,32
62,30,32
63,30,32
64,30,32
65,30,32
66,30,32
67,30,32
68,30,32
69,30,32
70,30,32
71,30,32
72,30,32
73,30,32
74,30,32
75,30,32
76,30,32
77,30,32
78,30,32
79,30,32
0,31,32
1,31,32
2,31,32
3,31,32
4,31,32
5,31,32
6,31,32
7,31,32
8,31,32
9,31,32
10,31,32
11,31,32
12,31,32
13,31,32
14,31,32
15,31,32
16,31,32
17,31,32
18,31,32
19,31,32
20,31,32
21,31,32
22,31,32
23,31,32
24,31,32
25,31,32
26,31,32
27,31,32
28,31,32
29,31,32
30,31,32
31,31,32
32,31,32
33,31,32
34,31,32
35,31,32
36,31,32
37,31,32
38,31,32
39,31,32
40,31,32
41,31,32
42,31,32
43,31,32
44,31,32
45,31,32
46,31,32
47,31,32
48,31,32
49,31,32
50,31,32
51,31,32
52,31,32
53,31,32
54,31,32
55,31,32
56,31,32
57,31,32
58,31,32
59,31,32
60,31,32
61,31,32
62,31,32
63,31,32
64,31,32
65,31,32
66,31,32
67,31,32
68,31,32
69,31,32
70,31,32
71,31,32
72,31,32
73,31,32
74,31,32
75,31,32
76,31,32
77,31,32
78,31,32
79,31,32
0,32,32
1,32,32
2,32,32
3,32,32
4,32,32
5,32,32
6,32,32
7,32,32
8,32,32
9,32,32
10,32,32
11,32,32
12,32,32
13,32,32
14,32,32
15,32,32
16,32,32
17,32,32
18,32,32
19,32,32
20,32,32
21,32,32
22,32,32
23,32,32
24,32,32
25,32,32
26,32,32
27,32,32
28,32,32
29,32,32
30,32,32
31,32,32
32,32,32
33,32,32
34,32,32
35,32,32
36,32,32
37,32,32
38,32,32
39,32,32
40,32,32
41,32,32
42,32,32
43,32,32
44,32,32
45,32,32
46,32,32
47,32,32
48,32,32
49,32,32
50,32,32
51,32,32
52,32,32
53,32,32
54,32,32
55,32,32
56,32,32
57,32,32
58,32,32
59,32,32
60,32,32
61,32,32
62,32,32
63,32,32
64,32,32
65,32,32
66,32,32
67,32,32
68,32,32
69,32,32
70,32,32
71,32,32
72,32,32
73,32,32
74,32,32
75,32,32
76,32,32
77,32,32
78,32,32
79,32,32
0,33,32
1,33,32
2,33,32
3,33,32
4,33,32
5,33,32
6,33,32
7,33,32
8,33,32
9,33,32
10,33,32
11,33,32
12,33,32
13,33,32
14,33,32
15,33,32
16,33,32
17,33,32
18,33,32
19,33,32
20,33,32
21,33,32
22,33,32
23,33,32
24,33,32
25,33,32
26,33,32
27,33,32
28,33,32
29,33,32
30,33,32
31,33,32
32,33,32
33,33,32
34,33,32
35,33,32
36,33,32
37,33,32
38,33,32
39,33,32
40,33,32
41,33,32
42,33,32
43,33,32
44,33,32
45,33,32
46,33,32
47,33,32
48,33,32
49,33,32
50,33,32
51,33,32
52,33,32
53,33,32
54,33,32
55,33,32
56,33,32
57,33,32
58,33,32
59,33,32
60,33,32
61,33,32
62,33,32
63,33,32
64,33,32
65,33,32
66,33,32
67,33,32
68,33,32
69,33,32
70,33,32
71,33,32
72,33,32
73,33,32
74,33,32
75,33,32
76,33,32
77,33,32
78,33,32
79,33,32
0,34,32
1,34,32
2,34,32
3,34,32
4,34,32
5,34,32
6,34,32
7,34,32
8,34,32
9,34,32
10,34,32
11,34,32
12,34,32
13,34,32
14,34,32
15,34,32
16,34,32
17,34,32
18,34,32
19,34,32
20,34,32
21,34,32
22,34,32
23,34,32
24,34,32
25,34,32
26,34,32
27,34,32
28,34,32
29,34,32
30,34,32
31,34,32
32,34,32
33,34,32
34,34,32
35,34,32
36,34,32
37,34,32
38,34,32
39,34,32
40,34,32
41,34,32
42,34,32
43,34,32
44,34,32
45,34,32
46,34,32
47,34,32
48,34,32
49,34,32
50,34,32
51,34,32
52,34,32
53,34,32
54,34,32
55,34,32
56,34,32
57,34,32
58,34,32
59,34,32
60,34,32
61,34,32
62,34,32
63,34,32
64,34,32
65,34,32
66,34,32
67,34,32
68,34,32
69,34,32
70,34,32
71,34,32
72,34,32
73,34,32
74,34,32
75,34,32
76,34,32
77,34,32
78,34,32
79,34,32
0,35,32
1,35,32
2,35,32
3,35,32
4,35,32
5,35,32
6,35,32
7,35,32
8,35,32
9,35,32
10,35,32
11,35,32
12,35,32
13,35,32
14,35,32
15,35,32
16,35,32
17,35,32
18,35,32
19,35,32
20,35,32
21,35,32
22,35,32
23,35,32
24,35,32
25,35,32
26,35,32
27,35,32
28,35,32
29,35,32
30,35,32
31,35,32
32,35,32
33,35,32
34,35,32
35,35,32
36,35,32
37,35,32
38,35,32
39,35,32
40,35,32
41,35,32
42,35,32
43,35,32
44,35,32
45,35,32
46,35,32
47,35,32
48,35,32
49,35,32
50,35,32
51,35,32
52,35,32
53,35,32
54,35,32
55,35,32
56,35,32
57,35,32
58,35,32
59,35,32
60,35,32
61,35,32
62,35,32
63,35,32
64,35,32
65,35,32
66,35,32
67,35,32
68,35,32
69,35,32
70,35,32
71,35,32
72,35,32
73,35,32
74,35,32
75,35,32
76,35,32
77,35,32
78,35,32
79,35,32
0,36,32
1,36,32
2,36,32
3,36,32
4,36,32
5,36,32
6,36,32
7,36,32
8,36,32
9,36,32
10,36,32
11,36,32
12,36,32
13,36,32
14,36,32
15,36,32
16,36,32
17,36,32
18,36,32
19,36,32
20,36,32
21,36,32
22,36,32
23,36,32
24,36,32
25,36,32
26,36,32
27,36,32
28,36,32
29,36,32
30,36,32
31,36,32
32,36,32
33,36,32
34,36,32
35,36,32
36,36,32
37,36,32
38,36,32
39,36,32
40,36,32
41,36,32
42,36,32
43,36,32
44,36,32
45,36,32
46,36,32
47,36,32
48,36,32
49,36,32
50,36,32
51,36,32
52,36,32
53,36,32
54,36,32
55,36,32
56,36,32
57,36,32
58,36,32
59,36,32
60,36,32
61,36,32
62,36,32
63,36,32
64,36,32
65,36,32
66,36,32
67,36,32
68,36,32
69,36,32
70,36,32
71,36,32
72,36,32
73,36,32
74,36,32
75,36,32
76,36,32
77,36,32
78,36,32
79,36,32
0,37,32
1,37,32
2,37,32
3,37,32
4,37,32
5,37,32
6,37,32
7,37,32
8,37,32
9,37,32
10,37,32
11,37,32
12,37,32
13,37,32
14,37,32
15,37,32
16,37,32
17,37,32
18,37,32
19,37,32
20,37,32
21,37,32
22,37,32
23,37,32
24,37,32
25,37,32
26,37,32
27,37,32
28,37,32
29,37,32
30,37,32
31,37,32
32,37,32
33,37,32
34,37,32
35,37,32
36,37,32
37,37,32
38,37,32
39,37,32
40,37,32
41,37,32
42,37,32
43,37,32
44,37,32
45,37,32
46,37,32
47,37,32
48,37,32
49,37,32
50,37,32
51,37,32
52,37,32
53,37,32
54,37,32
55,37,32
56,37,32
57,37,32
58,37,32
59,37,32
60,37,32
61,37,32
62,37,32
63,37,32
64,37,32
65,37,32
66,37,32
67,37,32
68,37,32
69,37,32
70,37,32
71,37,32
72,37,32
73,37,32
74,37,32
75,37,32
76,37,32
77,37,32
78,37,32
79,37,32
0,38,32
1,38,32
2,38,32
3,38,32
4,38,32
5,38,32
6,38,32
7,38,32
8,38,32
9,38,32
10,38,32
11,38,32
12,38,32
13,38,32
14,38,32
15,38,32
16,38,32
17,38,32
18,38,32
19,38,32
20,38,32
21,38,32
22,38,32
23,38,32
24,38,32
25,38,32
26,38,32
27,38,32
28,38,32
29,38,32
30,38,32
31,38,32
32,38,32
33,38,32
34,38,32
35,38,32
36,38,32
37,38,32
38,38,32
39,38,32
40,38,32
41,38,32
42,38,32
43,38,32
44,38,32
45,38,32
46,38,32
47,38,32
48,38,32
49,38,32
50,38,32
51,38,32
52,38,32
53,38,32
54,38,32
55,38,32
56,38,32
57,38,32
58,38,32
59,38,32
60,38,32
61,38,32
62,38,32
63,38,32
64,38,32
65,38,32
66,38,32
67,38,32
68,38,32
69,38,32
70,38,32
71,38,32
72,38,32
73,38,32
74,38,32
75,38,32
76,38,32
77,38,32
78,38,32
79,38,32
0,39,32
1,39,32
2,39,32
3,39,32
4,39,32
5,39,32
6,39,32
7,39,32
8,39,32
9,39,32
10,39,32
11,39,32
12,39,32
13,39,32
14,39,32
15,39,32
16,39,32
17,39,32
18,39,32
19,39,32
20,39,32
21,39,32
22,39,32
23,39,32
24,39,32
25,39,32
26,39,32
27,39,32
28,39,32
29,39,32
30,39,32
31,39,32
32,39,32
33,39,32
34,39,32
35,39,32
36,39,32
37,39,32
38,39,32
39,39,32
40,39,32
41,39,32
42,39,32
43,39,32
44,39,32
45,39,32
46,39,32
47,39,32
48,39,32
49,39,32
50,39,32
51,39,32
52,39,32
53,39,32
54,39,32
55,39,32
56,39,32
57,39,32
58,39,32
59,39,32
60,39,32
61,39,32
62,39,32
63,39,32
64,39,32
65,39,32
66,39,32
67,39,32
68,39,32
69,39,32
70,39,32
71,39,32
72,39,32
73,39,32
74,39,32
75,39,32
76,39,32
77,39,32
78,39,32
79,39,32
0,40,32
1,40,32
2,40,32
3,40,32
4,40,32
5,40,32
6,40,32
7,40,32
8,40,32
9,40,32
10,40,32
11,40,32
12,40,32
13,40,32
14,40,32
15,40,32
16,40,32
17,40,32
18,40,32
19,40,32
20,40,32
21,40,32
22,40,32
23,40,32
24,40,32
25,40,32
26,40,32
27,40,32
28,40,32
29,40,32
30,40,32
31,40,32
32,40,32
33,40,32
34,40,32
35,40,32
36,40,32
37,40,32
38,40,32
39,40,32
40,40,32
41,40,32
42,40,32
43,40,32
44,40,32
45,40,32
46,40,32
47,40,32
48,40,32
49,40,32
50,40,32
51,40,32
52,40,32
53,40,32
54,40,32
55,40,32
56,40,32
57,40,32
58,40,32
59,40,32
60,40,32
61,40,32
62,40,32
63,40,32
64,40,32
65,40,32
66,40,32
67,40,32
68,40,32
69,40,32
70,40,32
71,40,32
72,40,32
73,40,32
74,40,32
75,40,32
76,40,32
77,40,32
78,40,32
79,40,32
0,41,32
1,41,32
2,41,32
3,41,32
4,41,32
5,41,32
6,41,32
7,41,32
8,41,32
9,41,32
10,41,32
11,41,32
12,41,32
13,41,32
14,41,32
15,41,32
16,41,32
17,41,32
18,41,32
19,41,32
20,41,32
21,41,32
22,41,32
23,41,32
24,41,32
25,41,32
26,41,32
27,41,32
28,41,32
29,41,32
30,41,32
31,41,32
32,41,32
33,41,32
34,41,32
35,41,32
36,41,32
37,41,32
38,41,32
39,41,32
40,41,32
41,41,32
42,41,32
43,41,32
44,41,32
45,41,32
46,41,32
47,41,32
48,41,32
49,41,32
50,41,32
51,41,32
52,41,32
53,41,32
54,41,32
55,41,32
56,41,32
57,41,32
58,41,32
59,41,32
60,41,32
61,41,32
62,41,32
63,41,32
64,41,32
65,41,32
66,41,32
67,41,32
68,41,32
69,41,32
70,41,32
71,41,32
72,41,32
73,41,32
74,41,32
75,41,32
76,41,32
77,41,32
78,41,32
79,41,32
0,42,32
1,42,32
2,42,32
3,42,32
4,42,32
5,42,32
6,42,32
7,42,32
8,42,32
9,42,32
10,42,32
11,42,32
12,42,32
13,42,32
14,42,32
15,42,32
16,42,32
17,42,32
18,42,32
19,42,32
20,42,32
21,42,32
22,42,32
23,42,32
24,42,32
25,42,32
26,42,32
27,42,32
28,42,32
29,42,32
30,42,32
31,42,32
32,42,32
33,42,32
34,42,32
35,42,32
36,42,32
37,42,32
38,42,32
39,42,32
40,42,32
41,42,32
42,42,32
43,42,32
44,42,32
45,42,32
46,42,32
47,42,32
48,42,32
49,42,32
50,42,32
51,42,32
52,42,32
53,42,32
54,42,32
55,42,32
56,42,32
57,42,32
58,42,32
59,42,32
60,42,32
61,42,32
62,42,32
63,42,32
64,42,32
65,42,32
66,42,32
67,42,32
68,42,32
69,42,32
70,42,32
71,42,32
72,42,32
73,42,32
74,42,32
75,42,32
76,42,32
77,42,32
78,42,32
79,42,32
0,43,32
1,43,32
2,43,32
3,43,32
4,43,32
5,43,32
6,43,32
7,43,32
8,43,32
9,43,32
10,43,32
11,43,32
12,43,32
13,43,32
14,43,32
15,43,32
16,43,32
17,43,32
18,43,32
19,43,32
20,43,32
21,43,32
22,43,32
23,43,32
24,43,32
25,43,32
26,43,32
27,43,32
28,43,32
29,43,32
30,43,32
31,43,32
32,43,32
33,43,32
34,43,32
35,43,32
36,43,32
37,43,32
38,43,32
39,43,32
40,43,32
41,43,32
42,43,32
43,43,32
44,43,32
45,43,32
46,43,32
47,43,32
48,43,32
49,43,32
50,43,32
51,43,32
52,43,32
53,43,32
54,43,32
55,43,32
56,43,32
57,43,32
58,43,32
59,43,32
60,43,32
61,43,32
62,43,32
63,43,32
64,43,32
65,43,32
66,43,32
67,43,32
68,43,32
69,43,32
70,43,32
71,43,32
72,43,32
73,43,32
74,43,32
75,43,32
76,43,32
77,43,32
78,43,32
79,43,32
