x,y,bend_magnitude,normalized_intensity
0,0,0,0
1,0,1.48506218E-05,0.00775736498
2,0,9.70281322E-05,0.0506835772
3,0,0.000195791693,0.102273672
4,0,0.00030549039,0.159575841
5,0,0.000422040909,0.220457124
6,0,0.000543671513,0.283992039
7,0,0.000668318669,0.349102678
8,0,0.00079240194,0.413918767
9,0,0.000915572351,0.478258015
10,0,0.0010335123,0.539865079
11,0,0.00114636859,0.59881665
12,0,0.00124960915,0.652745347
13,0,0.00134246259,0.701248236
14,0,0.00142420721,0.743948319
15,0,0.00149240606,0.779572646
16,0,0.00154665513,0.807910168
17,0,0.00158693611,0.828951324
18,0,0.00161350259,0.842828584
19,0,0.00162667271,0.849708119
20,0,0.00162667271,0.849708119
21,0,0.00161350261,0.842828593
22,0,0.00158693611,0.828951324
23,0,0.0015466551,0.807910153
24,0,0.00149240606,0.779572646
25,0,0.00142420721,0.743948319
26,0,0.00134246259,0.701248232
27,0,0.00124960915,0.652745347
28,0,0.0011463686,0.598816654
29,0,0.0010335123,0.539865079
30,0,0.000915572351,0.478258015
31,0,0.000792401788,0.413918688
32,0,0.000668318669,0.349102678
33,0,0.000543671513,0.283992039
34,0,0.000422040909,0.220457124
35,0,0.00030549039,0.159575841
36,0,0.00019579139,0.102273514
37,0,9.70281322E-05,0.0506835772
38,0,1.48506493E-05,0.00775737938
39,0,0,0
0,1,0,0
1,1,5.67896309E-05,0.0296646094
2,1,0.000153249493,0.0800513453
3,1,0.000262811513,0.137282119
4,1,0.000381871548,0.199474273
5,1,0.000508048574,0.265384055
6,1,0.00063864468,0.333602185
7,1,0.000770676207,0.402570122
8,1,0.000904116762,0.472274078
9,1,0.00103351231,0.539865085
10,1,0.001159134,0.605484781
11,1,0.00127578745,0.666419833
12,1,0.00138328253,0.722570922
13,1,0.00147878274,0.772456372
14,1,0.00156012785,0.814947772
15,1,0.0016266727,0.849708115
16,1,0.00167904475,0.877065161
17,1,0.0017174504,0.897126719
18,1,0.00174224113,0.910076397
19,1,0.00175433666,0.916394614
20,1,0.00175433666,0.916394614
21,1,0.00174224113,0.910076394
22,1,0.0017174504,0.897126719
23,1,0.00167904482,0.877065195
24,1,0.0016266727,0.849708115
25,1,0.00156012785,0.814947772
26,1,0.00147878256,0.77245628
27,1,0.00138328253,0.722570922
28,1,0.00127578765,0.666419936
29,1,0.001159134,0.605484781
30,1,0.00103351231,0.539865085
31,1,0.000904116559,0.472273972
32,1,0.000770676207,0.402570122
33,1,0.00063864468,0.333602185
34,1,0.000508048574,0.265384055
35,1,0.000381871548,0.199474273
36,1,0.000262810939,0.137281819
37,1,0.000153249493,0.0800513453
38,1,5.67896316E-05,0.0296646097
39,1,0,0
0,2,1.48504535E-05,0.00775727709
1,2,0.000102372474,0.0534752457
2,2,0.000208861556,0.109100841
3,2,0.000328010673,0.171339527
4,2,0.000455929753,0.238159288
5,2,0.000590145138,0.308267983
6,2,0.000728985933,0.380792807
7,2,0.000870066895,0.454487803
8,2,0.00100901414,0.527068231
9,2,0.00114636859,0.59881665
10,2,0.00127578765,0.666419936
11,2,0.00139691726,0.729693153
12,2,0.00150600649,0.786676963
13,2,0.00160024901,0.835905445
14,2,0.00167904473,0.877065148
15,2,0.00174224092,0.910076288
16,2,0.00178926062,0.934637478
17,2,0.00182166168,0.951562483
18,2,0.0018415352,0.961943607
19,2,0.00185086024,0.966814631
20,2,0.00185086024,0.966814631
21,2,0.00184153524,0.961943629
22,2,0.00182166168,0.951562483
23,2,0.0017892606,0.934637467
24,2,0.00174224092,0.910076288
25,2,0.00167904473,0.877065148
26,2,0.00160024895,0.835905414
27,2,0.00150600649,0.786676963
28,2,0.00139691735,0.7296932
29,2,0.00127578765,0.666419936
30,2,0.00114636859,0.59881665
31,2,0.00100901418,0.527068251
32,2,0.000870066895,0.454487803
33,2,0.000728985905,0.380792792
34,2,0.000590145138,0.308267983
35,2,0.000455929753,0.238159288
36,2,0.000328010682,0.171339532
37,2,0.000208861556,0.109100841
38,2,0.000102372474,0.0534752457
39,2,1.48504535E-05,0.00775727709
0,3,4.73209249E-05,0.0247185398
1,3,0.000147282126,0.0769342339
2,3,0.000262810908,0.137281803
3,3,0.000389716532,0.203572175
4,3,0.000525772737,0.274642441
5,3,0.000668318685,0.349102687
6,3,0.00081433568,0.425376067
7,3,0.000961888521,0.502451712
8,3,0.00110833823,0.578951123
9,3,0.00124960915,0.652745347
10,3,0.00138328247,0.722570889
11,3,0.00150600655,0.786676994
12,3,0.00161350254,0.842828557
13,3,0.00170480259,0.890520016
14,3,0.0017778663,0.928685544
15,3,0.00183178727,0.95685168
16,3,0.00186812327,0.97583214
17,3,0.00188991098,0.987213158
18,3,0.00190112919,0.993073101
19,3,0.00190556785,0.995391675
20,3,0.00190556785,0.995391675
21,3,0.00190112931,0.993073164
22,3,0.00188991098,0.987213158
23,3,0.00186812336,0.975832189
24,3,0.00183178727,0.95685168
25,3,0.0017778663,0.928685544
26,3,0.00170480259,0.890520014
27,3,0.00161350254,0.842828557
28,3,0.00150600649,0.786676963
29,3,0.00138328247,0.722570889
30,3,0.00124960915,0.652745347
31,3,0.00110833807,0.578951043
32,3,0.000961888521,0.502451712
33,3,0.000814335681,0.425376068
34,3,0.000668318685,0.349102687
35,3,0.000525772737,0.274642441
36,3,0.000389716226,0.203572015
37,3,0.000262810908,0.137281803
38,3,0.000147282184,0.0769342643
39,3,4.73209249E-05,0.0247185398
0,4,8.11506044E-05,0.042389798
1,4,0.000189622911,0.0990513497
2,4,0.000312958254,0.163476751
3,4,0.000447394585,0.23370086
4,4,0.000590144926,0.308267873
5,4,0.000739268905,0.386164216
6,4,0.000892719029,0.466320363
7,4,0.00104586417,0.546317197
8,4,0.00119767808,0.625618655
9,4,0.00134246259,0.701248232
10,4,0.00147878258,0.772456292
11,4,0.001600249,0.83590544
12,4,0.00170480256,0.890519997
13,4,0.00178926006,0.934637187
14,4,0.00185086045,0.966814743
15,4,0.00188991112,0.987213234
16,4,0.00190912967,0.997252229
17,4,0.00191438988,0.999999947
18,4,0.00191182441,0.998659851
19,4,0.00190834162,0.996840583
20,4,0.00190834162,0.996840583
21,4,0.00191182445,0.998659875
22,4,0.00191438988,0.999999947
23,4,0.00190912966,0.997252225
24,4,0.00188991112,0.987213234
25,4,0.00185086045,0.966814743
26,4,0.00178926056,0.934637445
27,4,0.00170480256,0.890519997
28,4,0.00160024898,0.83590543
29,4,0.00147878258,0.772456292
30,4,0.00134246259,0.701248232
31,4,0.00119767808,0.625618652
32,4,0.00104586417,0.546317197
33,4,0.000892719029,0.466320363
34,4,0.000739268905,0.386164216
35,4,0.000590144926,0.308267873
36,4,0.000447394346,0.233700736
37,4,0.000312958254,0.163476751
38,4,0.000189622909,0.0990513486
39,4,8.11506044E-05,0.042389798
0,5,0.0001131369,0.059098147
1,5,0.000228842669,0.119538167
2,5,0.000358559835,0.187297175
3,5,0.000499257769,0.260792093
4,5,0.000648488436,0.338744166
5,5,0.000803345561,0.419635273
6,5,0.000961888968,0.502451945
7,5,0.00112097344,0.585551248
8,5,0.00127578797,0.666420107
9,5,0.00142420725,0.743948345
10,5,0.00156012786,0.814947777
11,5,0.00167904473,0.87706515
12,5,0.00177786625,0.92868552
13,5,0.0018508604,0.966814716
14,5,0.00189589008,0.990336401
15,5,0.00191373616,0.999658471
16,5,0.00190834193,0.996840746
17,5,0.00188716725,0.985779946
18,5,0.00186203682,0.972652826
19,5,0.00184537219,0.963947896
20,5,0.00184537219,0.963947896
21,5,0.00186203686,0.972652845
22,5,0.00188716725,0.985779946
23,5,0.0019083416,0.996840573
24,5,0.00191373616,0.999658471
25,5,0.00189589008,0.990336401
26,5,0.00185086022,0.966814622
27,5,0.00177786625,0.92868552
28,5,0.00167904473,0.877065148
29,5,0.00156012786,0.814947777
30,5,0.00142420725,0.743948345
31,5,0.00127578751,0.666419865
32,5,0.00112097344,0.585551248
33,5,0.000961888908,0.502451914
34,5,0.000803345561,0.419635273
35,5,0.000648488436,0.338744166
36,5,0.000499257347,0.260791872
37,5,0.000358559835,0.187297175
38,5,0.000228842669,0.119538167
39,5,0.0001131369,0.059098147
0,6,0.000141354326,0.0738377903
1,6,0.00026281077,0.137281731
2,6,0.000397609438,0.20769511
3,6,0.000543671813,0.283992196
4,6,0.000698432238,0.364832791
5,6,0.000858819162,0.448612442
6,6,0.00102121583,0.533441903
7,6,0.00118479399,0.618888523
8,6,0.00134246289,0.70124839
9,6,0.00149240605,0.779572643
10,6,0.00162667273,0.84970813
11,6,0.00174224104,0.910076351
12,6,0.00183178727,0.95685168
13,6,0.00188991109,0.987213218
14,6,0.00191373615,0.999658469
15,6,0.00190318985,0.994149504
16,6,0.00186203686,0.972652846
17,6,0.00180204494,0.941315493
18,6,0.00174216884,0.910038634
19,6,0.00170441993,0.89032013
20,6,0.00170441993,0.89032013
21,6,0.00174216839,0.910038399
22,6,0.00180204494,0.941315493
23,6,0.00186203724,0.972653046
24,6,0.00190318985,0.994149504
25,6,0.00191373615,0.999658469
26,6,0.00188991109,0.987213219
27,6,0.00183178727,0.95685168
28,6,0.00174224077,0.910076209
29,6,0.00162667273,0.84970813
30,6,0.00149240605,0.779572643
31,6,0.00134245521,0.701244378
32,6,0.00118479399,0.618888523
33,6,0.00102121583,0.533441901
34,6,0.000858819162,0.448612442
35,6,0.000698432238,0.364832791
36,6,0.000543671522,0.283992044
37,6,0.000397609438,0.20769511
38,6,0.000262810779,0.137281736
39,6,0.000141354326,0.0738377903
0,7,0.000165251821,0.0863208767
1,7,0.000290660643,0.15182938
2,7,0.000430450378,0.224849891
3,7,0.000580588165,0.303275807
4,7,0.000739269659,0.38616461
5,7,0.000904116612,0.472274
6,7,0.00107071375,0.559297615
7,7,0.00123657152,0.645935016
8,7,0.00139691757,0.729693316
9,7,0.00154665514,0.807910176
10,7,0.00167904466,0.877065113
11,7,0.00178926057,0.934637452
12,7,0.00186812339,0.975832203
13,7,0.00190912964,0.997252212
14,7,0.00190834157,0.996840556
15,7,0.0018620369,0.97265287
16,7,0.00177446221,0.926907386
17,7,0.00166029758,0.867272396
18,7,0.00154792983,0.80857602
19,7,0.00147613858,0.77107517
20,7,0.00147613858,0.77107517
21,7,0.00154792995,0.808576085
22,7,0.00166029758,0.867272396
23,7,0.00177446202,0.926907287
24,7,0.0018620369,0.97265287
25,7,0.00190834157,0.996840556
26,7,0.00190912986,0.997252327
27,7,0.00186812339,0.975832203
28,7,0.00178926059,0.934637461
29,7,0.00167904466,0.877065113
30,7,0.00154665514,0.807910176
31,7,0.00139691721,0.729693126
32,7,0.00123657152,0.645935016
33,7,0.00107071397,0.559297728
34,7,0.000904116612,0.472274
35,7,0.000739269659,0.38616461
36,7,0.000580588425,0.303275943
37,7,0.000430450378,0.224849891
38,7,0.000290660643,0.15182938
39,7,0.000165251821,0.0863208767
0,8,0.000183481705,0.0958434316
1,8,0.000312958181,0.163476713
2,8,0.000455929998,0.238159415
3,8,0.000609402094,0.318327039
4,8,0.000770676107,0.40257007
5,8,0.00093863353,0.490304244
6,8,0.00110833823,0.578951127
7,8,0.00127578795,0.666420096
8,8,0.00143785444,0.751077083
9,8,0.00158693611,0.828951324
10,8,0.00171745026,0.897126646
11,8,0.00182166232,0.951562819
12,8,0.00188991098,0.987213158
13,8,0.00191438981,0.999999914
14,8,0.00188716732,0.985779981
15,8,0.00180204503,0.941315535
16,8,0.00166029767,0.86727244
17,8,0.00147613865,0.771075207
18,8,0.00128662237,0.672079556
19,8,0.00115803506,0.604910744
20,8,0.00115803506,0.604910744
21,8,0.00128662262,0.672079691
22,8,0.00147613865,0.771075207
23,8,0.00166029697,0.867272077
24,8,0.00180204503,0.941315535
25,8,0.00188716732,0.985779981
26,8,0.00191438998,1
27,8,0.00188991098,0.987213158
28,8,0.00182166168,0.951562483
29,8,0.00171745026,0.897126646
30,8,0.00158693611,0.828951324
31,8,0.00143785428,0.751076999
32,8,0.00127578795,0.666420096
33,8,0.00110833825,0.578951134
34,8,0.00093863353,0.490304244
35,8,0.000770676107,0.40257007
36,8,0.00060940209,0.318327037
37,8,0.000455929998,0.238159415
38,8,0.000312958185,0.163476715
39,8,0.000183481705,0.0958434316
0,9,0.000195791104,0.102273364
1,9,0.00032801076,0.171339572
2,9,0.000473134482,0.247146343
3,9,0.000628854469,0.328488175
4,9,0.000792401986,0.413918792
5,9,0.000961888308,0.502451601
6,9,0.00113365125,0.592173622
7,9,0.00130208038,0.680154199
8,9,0.00146515001,0.765335188
9,9,0.00161350259,0.842828584
10,9,0.00174224074,0.910076191
11,9,0.00184153523,0.961943622
12,9,0.00190112919,0.993073101
13,9,0.00191182446,0.998659878
14,9,0.00186203724,0.972653046
15,9,0.0017421689,0.910038665
16,9,0.00154792998,0.808576101
17,9,0.00128662237,0.672079556
18,9,0.000992583739,0.518485654
19,9,0.000762854061,0.398484149
20,9,0.000762854061,0.398484149
21,9,0.000992584119,0.518485852
22,9,0.00128662237,0.672079556
23,9,0.00154792972,0.808575962
24,9,0.0017421689,0.910038665
25,9,0.00186203724,0.972653046
26,9,0.0019118245,0.998659899
27,9,0.00190112919,0.993073101
28,9,0.00184153518,0.961943597
29,9,0.00174224074,0.910076191
30,9,0.00161350259,0.842828584
31,9,0.00146515004,0.765335203
32,9,0.00130208038,0.680154199
33,9,0.00113365125,0.592173621
34,9,0.000961888308,0.502451601
35,9,0.000792401986,0.413918792
36,9,0.00062885447,0.328488175
37,9,0.000473134482,0.247146343
38,9,0.000328010842,0.171339615
39,9,0.000195791104,0.102273364
0,10,0.000202264411,0.105654759
1,10,0.000335587361,0.175297283
2,10,0.000481796783,0.251671179
3,10,0.000638644442,0.333602061
4,10,0.000803345813,0.419635405
5,10,0.000973600311,0.508569478
6,10,0.00114636879,0.598816753
7,10,0.0013153395,0.687080228
8,10,0.00147878276,0.772456385
9,10,0.00162667271,0.849708119
10,10,0.00175433667,0.916394618
11,10,0.00185086026,0.966814642
12,10,0.00190556785,0.995391675
13,10,0.00190834155,0.996840546
14,10,0.0018453721,0.963947849
15,10,0.00170441998,0.890320154
16,10,0.00147613878,0.771075276
17,10,0.00115803512,0.604910771
18,10,0.000762854154,0.398484198
19,10,0.000352155714,0.183951921
20,10,0.000352155714,0.183951921
21,10,0.000762854637,0.39848445
22,10,0.00115803512,0.604910771
23,10,0.0014761385,0.771075132
24,10,0.00170441998,0.890320154
25,10,0.0018453721,0.963947849
26,10,0.00190834174,0.996840645
27,10,0.00190556785,0.995391675
28,10,0.00185086024,0.96681463
29,10,0.00175433667,0.916394618
30,10,0.00162667271,0.849708119
31,10,0.00147878246,0.77245623
32,10,0.0013153395,0.687080228
33,10,0.00114636879,0.598816753
34,10,0.000973600311,0.508569478
35,10,0.000803345813,0.419635405
36,10,0.000638643808,0.33360173
37,10,0.000481796783,0.251671179
38,10,0.000335587361,0.175297283
39,10,0.000202264411,0.105654759
0,11,0.000202264411,0.105654759
1,11,0.000335587361,0.175297283
2,11,0.000481796783,0.251671179
3,11,0.000638644442,0.333602061
4,11,0.000803345813,0.419635405
5,11,0.000973600311,0.508569478
6,11,0.00114636879,0.598816753
7,11,0.0013153395,0.687080224
8,11,0.00147878275,0.772456381
9,11,0.00162667271,0.849708119
10,11,0.00175433667,0.916394615
11,11,0.00185086028,0.966814651
12,11,0.00190556785,0.995391675
13,11,0.00190834155,0.996840548
14,11,0.00184537208,0.96394784
15,11,0.00170441994,0.890320135
16,11,0.00147613869,0.771075229
17,11,0.00115803506,0.604910744
18,11,0.000762854061,0.398484149
19,11,0.000352155485,0.183951801
20,11,0.000352155485,0.183951801
21,11,0.000762854554,0.398484406
22,11,0.00115803506,0.604910744
23,11,0.00147613848,0.771075118
24,11,0.00170441994,0.890320135
25,11,0.00184537208,0.96394784
26,11,0.00190834173,0.996840641
27,11,0.00190556785,0.995391675
28,11,0.00185086022,0.966814621
29,11,0.00175433667,0.916394615
30,11,0.00162667271,0.849708119
31,11,0.00147878246,0.77245623
32,11,0.0013153395,0.687080224
33,11,0.00114636879,0.598816753
34,11,0.000973600311,0.508569478
35,11,0.000803345813,0.419635405
36,11,0.000638643812,0.333601732
37,11,0.000481796783,0.251671179
38,11,0.000335587361,0.175297283
39,11,0.000202264411,0.105654759
0,12,0.000195791104,0.102273364
1,12,0.00032801076,0.171339572
2,12,0.000473134482,0.247146343
3,12,0.000628854469,0.328488175
4,12,0.000792401986,0.413918792
5,12,0.000961888308,0.502451601
6,12,0.00113365125,0.592173622
7,12,0.00130208038,0.680154199
8,12,0.00146515001,0.765335188
9,12,0.00161350259,0.842828584
10,12,0.00174224074,0.910076191
11,12,0.00184153523,0.961943622
12,12,0.00190112919,0.993073101
13,12,0.00191182446,0.998659878
14,12,0.00186203724,0.972653046
15,12,0.0017421689,0.910038665
16,12,0.00154792998,0.808576101
17,12,0.00128662237,0.672079556
18,12,0.000992583739,0.518485654
19,12,0.000762854061,0.398484149
20,12,0.000762854061,0.398484149
21,12,0.000992584119,0.518485852
22,12,0.00128662237,0.672079556
23,12,0.00154792972,0.808575962
24,12,0.0017421689,0.910038665
25,12,0.00186203724,0.972653046
26,12,0.0019118245,0.998659899
27,12,0.00190112919,0.993073101
28,12,0.00184153518,0.961943597
29,12,0.00174224074,0.910076191
30,12,0.00161350259,0.842828584
31,12,0.00146515004,0.765335203
32,12,0.00130208038,0.680154199
33,12,0.00113365125,0.592173621
34,12,0.000961888308,0.502451601
35,12,0.000792401986,0.413918792
36,12,0.00062885447,0.328488175
37,12,0.000473134482,0.247146343
38,12,0.000328010842,0.171339615
39,12,0.000195791104,0.102273364
0,13,0.000183481705,0.0958434316
1,13,0.000312958181,0.163476713
2,13,0.000455929998,0.238159415
3,13,0.000609402094,0.318327039
4,13,0.000770676107,0.40257007
5,13,0.00093863353,0.490304244
6,13,0.00110833823,0.578951127
7,13,0.00127578795,0.666420096
8,13,0.00143785444,0.751077083
9,13,0.00158693611,0.828951324
10,13,0.00171745026,0.897126646
11,13,0.00182166232,0.951562819
12,13,0.00188991098,0.987213158
13,13,0.00191438981,0.999999914
14,13,0.00188716732,0.985779981
15,13,0.00180204503,0.941315535
16,13,0.00166029767,0.86727244
17,13,0.00147613865,0.771075207
18,13,0.00128662237,0.672079556
19,13,0.00115803506,0.604910744
20,13,0.00115803506,0.604910744
21,13,0.00128662262,0.672079691
22,13,0.00147613865,0.771075207
23,13,0.00166029697,0.867272077
24,13,0.00180204503,0.941315535
25,13,0.00188716732,0.985779981
26,13,0.00191438998,1
27,13,0.00188991098,0.987213158
28,13,0.00182166168,0.951562483
29,13,0.00171745026,0.897126646
30,13,0.00158693611,0.828951324
31,13,0.00143785428,0.751076999
32,13,0.00127578795,0.666420096
33,13,0.00110833825,0.578951134
34,13,0.00093863353,0.490304244
35,13,0.000770676107,0.40257007
36,13,0.00060940209,0.318327037
37,13,0.000455929998,0.238159415
38,13,0.000312958185,0.163476715
39,13,0.000183481705,0.0958434316
0,14,0.000165251821,0.0863208767
1,14,0.000290660617,0.151829366
2,14,0.000430450323,0.224849863
3,14,0.000580588168,0.303275809
4,14,0.000739269612,0.386164585
5,14,0.000904116607,0.472273997
6,14,0.00107071371,0.559297594
7,14,0.00123657154,0.645935025
8,14,0.00139691753,0.729693293
9,14,0.00154665514,0.807910172
10,14,0.00167904471,0.877065137
11,14,0.0017892606,0.934637466
12,14,0.00186812329,0.975832153
13,14,0.00190912971,0.997252247
14,14,0.00190834163,0.996840586
15,14,0.00186203691,0.972652871
16,14,0.00177446242,0.926907494
17,14,0.00166029777,0.867272493
18,14,0.00154793002,0.80857612
19,14,0.00147613882,0.771075299
20,14,0.00147613882,0.771075299
21,14,0.00154793015,0.808576189
22,14,0.00166029777,0.867272493
23,14,0.00177446216,0.926907361
24,14,0.00186203691,0.972652871
25,14,0.00190834163,0.996840586
26,14,0.0019091298,0.997252294
27,14,0.00186812329,0.975832153
28,14,0.00178926055,0.934637443
29,14,0.00167904471,0.877065137
30,14,0.00154665514,0.807910172
31,14,0.00139691718,0.729693114
32,14,0.00123657154,0.645935025
33,14,0.00107071408,0.55929779
34,14,0.000904116607,0.472273997
35,14,0.000739269612,0.386164585
36,14,0.000580588181,0.303275815
37,14,0.000430450323,0.224849863
38,14,0.000290660617,0.151829366
39,14,0.000165251821,0.0863208767
0,15,0.000141354326,0.0738377903
1,15,0.000262810768,0.13728173
2,15,0.000397609439,0.207695111
3,15,0.000543671806,0.283992192
4,15,0.000698432311,0.364832829
5,15,0.000858819142,0.448612431
6,15,0.00102121539,0.533441673
7,15,0.00118479398,0.618888522
8,15,0.00134246287,0.70124838
9,15,0.00149240607,0.77957265
10,15,0.00162667269,0.849708109
11,15,0.00174224098,0.910076316
12,15,0.0018317873,0.956851698
13,15,0.00188991109,0.987213216
14,15,0.00191373609,0.999658433
15,15,0.00190318983,0.994149494
16,15,0.00186203732,0.972653087
17,15,0.00180204488,0.941315459
18,15,0.00174216857,0.910038493
19,15,0.00170441983,0.890320073
20,15,0.00170441983,0.890320073
21,15,0.00174216871,0.910038566
22,15,0.00180204488,0.941315459
23,15,0.00186203722,0.972653036
24,15,0.00190318983,0.994149494
25,15,0.00191373609,0.999658433
26,15,0.00188991103,0.987213184
27,15,0.0018317873,0.956851698
28,15,0.00174224078,0.910076214
29,15,0.00162667269,0.849708109
30,15,0.00149240607,0.77957265
31,15,0.00134245526,0.701244405
32,15,0.00118479398,0.618888522
33,15,0.00102121597,0.533441973
34,15,0.000858819142,0.448612431
35,15,0.000698432311,0.364832829
36,15,0.000543671522,0.283992044
37,15,0.000397609439,0.207695111
38,15,0.000262810806,0.13728175
39,15,0.000141354326,0.0738377903
0,16,0.0001131369,0.059098147
1,16,0.000228842669,0.119538167
2,16,0.000358559835,0.187297175
3,16,0.000499257769,0.260792093
4,16,0.000648488436,0.338744166
5,16,0.000803345561,0.419635273
6,16,0.000961888968,0.502451945
7,16,0.00112097344,0.585551248
8,16,0.00127578797,0.666420107
9,16,0.00142420725,0.743948345
10,16,0.00156012786,0.814947777
11,16,0.00167904473,0.87706515
12,16,0.00177786625,0.92868552
13,16,0.0018508604,0.966814716
14,16,0.00189589008,0.990336401
15,16,0.00191373616,0.999658471
16,16,0.00190834193,0.996840746
17,16,0.00188716725,0.985779946
18,16,0.00186203682,0.972652826
19,16,0.00184537219,0.963947896
20,16,0.00184537219,0.963947896
21,16,0.00186203686,0.972652845
22,16,0.00188716725,0.985779946
23,16,0.0019083416,0.996840573
24,16,0.00191373616,0.999658471
25,16,0.00189589008,0.990336401
26,16,0.00185086022,0.966814622
27,16,0.00177786625,0.92868552
28,16,0.00167904473,0.877065148
29,16,0.00156012786,0.814947777
30,16,0.00142420725,0.743948345
31,16,0.00127578751,0.666419865
32,16,0.00112097344,0.585551248
33,16,0.000961888908,0.502451914
34,16,0.000803345561,0.419635273
35,16,0.000648488436,0.338744166
36,16,0.000499257347,0.260791872
37,16,0.000358559835,0.187297175
38,16,0.000228842669,0.119538167
39,16,0.0001131369,0.059098147
0,17,8.11506044E-05,0.042389798
1,17,0.000189622911,0.0990513497
2,17,0.000312958254,0.163476751
3,17,0.000447394585,0.23370086
4,17,0.000590144926,0.308267873
5,17,0.000739268905,0.386164216
6,17,0.000892719029,0.466320363
7,17,0.00104586417,0.546317197
8,17,0.00119767808,0.625618655
9,17,0.00134246259,0.701248232
10,17,0.00147878258,0.772456292
11,17,0.001600249,0.83590544
12,17,0.00170480256,0.890519997
13,17,0.00178926006,0.934637187
14,17,0.00185086045,0.966814743
15,17,0.00188991112,0.987213234
16,17,0.00190912967,0.997252229
17,17,0.00191438988,0.999999947
18,17,0.00191182441,0.998659851
19,17,0.00190834162,0.996840583
20,17,0.00190834162,0.996840583
21,17,0.00191182445,0.998659875
22,17,0.00191438988,0.999999947
23,17,0.00190912966,0.997252225
24,17,0.00188991112,0.987213234
25,17,0.00185086045,0.966814743
26,17,0.00178926056,0.934637445
27,17,0.00170480256,0.890519997
28,17,0.00160024898,0.83590543
29,17,0.00147878258,0.772456292
30,17,0.00134246259,0.701248232
31,17,0.00119767808,0.625618652
32,17,0.00104586417,0.546317197
33,17,0.000892719029,0.466320363
34,17,0.000739268905,0.386164216
35,17,0.000590144926,0.308267873
36,17,0.000447394346,0.233700736
37,17,0.000312958254,0.163476751
38,17,0.000189622909,0.0990513486
39,17,8.11506044E-05,0.042389798
0,18,4.73209802E-05,0.0247185687
1,18,0.000147282129,0.0769342354
2,18,0.000262810908,0.137281803
3,18,0.000389716532,0.203572175
4,18,0.000525772737,0.274642441
5,18,0.000668318685,0.349102687
6,18,0.000814335751,0.425376104
7,18,0.000961888833,0.502451875
8,18,0.00110833821,0.578951115
9,18,0.00124960908,0.652745313
10,18,0.00138328246,0.722570887
11,18,0.00150600656,0.786676997
12,18,0.00161350264,0.842828609
13,18,0.00170480256,0.890519997
14,18,0.00177786624,0.928685513
15,18,0.00183178736,0.956851727
16,18,0.00186812332,0.975832169
17,18,0.00188991102,0.987213183
18,18,0.00190112917,0.993073088
19,18,0.00190556782,0.99539166
20,18,0.00190556782,0.99539166
21,18,0.00190112918,0.993073093
22,18,0.00188991102,0.987213183
23,18,0.00186812344,0.975832231
24,18,0.00183178736,0.956851727
25,18,0.00177786624,0.928685513
26,18,0.00170480254,0.890519988
27,18,0.00161350264,0.842828609
28,18,0.00150600659,0.786677015
29,18,0.00138328246,0.722570887
30,18,0.00124960908,0.652745313
31,18,0.00110833813,0.578951074
32,18,0.000961888833,0.502451875
33,18,0.000814335666,0.42537606
34,18,0.000668318685,0.349102687
35,18,0.000525772737,0.274642441
36,18,0.000389716226,0.203572015
37,18,0.000262810908,0.137281803
38,18,0.000147282131,0.0769342363
39,18,4.73209802E-05,0.0247185687
0,19,1.48504535E-05,0.00775727709
1,19,0.000102372474,0.0534752457
2,19,0.000208861556,0.109100841
3,19,0.000328010673,0.171339527
4,19,0.000455929753,0.238159288
5,19,0.000590145138,0.308267983
6,19,0.000728985933,0.380792807
7,19,0.000870066895,0.454487803
8,19,0.00100901414,0.527068231
9,19,0.00114636859,0.59881665
10,19,0.00127578765,0.666419936
11,19,0.00139691726,0.729693153
12,19,0.00150600649,0.786676963
13,19,0.00160024901,0.835905445
14,19,0.00167904473,0.877065148
15,19,0.00174224092,0.910076288
16,19,0.00178926062,0.934637478
17,19,0.00182166168,0.951562483
18,19,0.0018415352,0.961943607
19,19,0.00185086024,0.966814631
20,19,0.00185086024,0.966814631
21,19,0.00184153524,0.961943629
22,19,0.00182166168,0.951562483
23,19,0.0017892606,0.934637467
24,19,0.00174224092,0.910076288
25,19,0.00167904473,0.877065148
26,19,0.00160024895,0.835905414
27,19,0.00150600649,0.786676963
28,19,0.00139691735,0.7296932
29,19,0.00127578765,0.666419936
30,19,0.00114636859,0.59881665
31,19,0.00100901418,0.527068251
32,19,0.000870066895,0.454487803
33,19,0.000728985905,0.380792792
34,19,0.000590145138,0.308267983
35,19,0.000455929753,0.238159288
36,19,0.000328010682,0.171339532
37,19,0.000208861556,0.109100841
38,19,0.000102372474,0.0534752457
39,19,1.48504535E-05,0.00775727709
0,20,0,0
1,20,5.67896309E-05,0.0296646094
2,20,0.000153249493,0.0800513453
3,20,0.000262811513,0.137282119
4,20,0.000381871548,0.199474273
5,20,0.000508048574,0.265384055
6,20,0.00063864468,0.333602185
7,20,0.000770676207,0.402570122
8,20,0.000904116762,0.472274078
9,20,0.00103351231,0.539865085
10,20,0.001159134,0.605484781
11,20,0.00127578745,0.666419833
12,20,0.00138328253,0.722570922
13,20,0.00147878274,0.772456372
14,20,0.00156012785,0.814947772
15,20,0.0016266727,0.849708115
16,20,0.00167904475,0.877065161
17,20,0.0017174504,0.897126719
18,20,0.00174224113,0.910076397
19,20,0.00175433666,0.916394614
20,20,0.00175433666,0.916394614
21,20,0.00174224113,0.910076394
22,20,0.0017174504,0.897126719
23,20,0.00167904482,0.877065195
24,20,0.0016266727,0.849708115
25,20,0.00156012785,0.814947772
26,20,0.00147878256,0.77245628
27,20,0.00138328253,0.722570922
28,20,0.00127578765,0.666419936
29,20,0.001159134,0.605484781
30,20,0.00103351231,0.539865085
31,20,0.000904116559,0.472273972
32,20,0.000770676207,0.402570122
33,20,0.00063864468,0.333602185
34,20,0.000508048574,0.265384055
35,20,0.000381871548,0.199474273
36,20,0.000262810939,0.137281819
37,20,0.000153249493,0.0800513453
38,20,5.67896316E-05,0.0296646097
39,20,0,0
0,21,0,0
1,21,1.48505656E-05,0.00775733564
2,21,9.70281059E-05,0.0506835634
3,21,0.000195791355,0.102273495
4,21,0.000305490395,0.159575843
5,21,0.000422040893,0.220457116
6,21,0.000543671513,0.283992039
7,21,0.000668318665,0.349102677
8,21,0.000792402078,0.413918839
9,21,0.000915572512,0.478258099
10,21,0.00103351203,0.539864938
11,21,0.00114636861,0.598816659
12,21,0.00124960859,0.652745054
13,21,0.00134246271,0.701248294
14,21,0.00142420727,0.743948353
15,21,0.00149240553,0.779572367
16,21,0.00154665481,0.807910004
17,21,0.00158693602,0.828951279
18,21,0.00161350249,0.84282853
19,21,0.00162667274,0.849708135
20,21,0.00162667274,0.849708135
21,21,0.00161350248,0.842828527
22,21,0.00158693602,0.828951279
23,21,0.00154665535,0.807910285
24,21,0.00149240553,0.779572367
25,21,0.00142420727,0.743948353
26,21,0.00134246254,0.701248206
27,21,0.00124960859,0.652745054
28,21,0.00114636861,0.598816659
29,21,0.00103351203,0.539864938
30,21,0.000915572512,0.478258099
31,21,0.000792401806,0.413918698
32,21,0.000668318665,0.349102677
33,21,0.000543671492,0.283992028
34,21,0.000422040893,0.220457116
35,21,0.000305490395,0.159575843
36,21,0.000195791389,0.102273513
37,21,9.70281059E-05,0.0506835634
38,21,1.48505936E-05,0.00775735027
39,21,0,0
